[{"page":"nubank","url":"https://nubank.com.br","seo":97,"performance":50,"accessibility":93},{"page":"neon","url":"https://neon.com.br","seo":98,"performance":26,"accessibility":89},{"page":"bancointer","url":"https://www.bancointer.com.br/","seo":100,"performance":37,"accessibility":95},{"page":"c6bank","url":"https://www.c6bank.com.br","seo":99,"performance":34,"accessibility":98},{"page":"original","url":"https://www.original.com.br/","seo":77,"performance":42,"accessibility":74},{"page":"itau","url":"https://www.itau.com.br/","seo":78,"performance":34,"accessibility":90},{"page":"bradesco","url":"https://www.bradesco.com.br/","seo":89,"performance":19,"accessibility":98},{"page":"next","url":"https://next.me","seo":100,"performance":17,"accessibility":85},{"page":"next_home","url":"https://next.me","seo":100,"performance":21,"accessibility":85},{"page":"next_propostas","url":"https://next.me/propostas","seo":92,"performance":17,"accessibility":77},{"page":"next_mimos","url":"https://next.me/mimos","seo":100,"performance":24,"accessibility":83},{"page":"next_flow","url":"https://next.me/flow","seo":100,"performance":12,"accessibility":85},{"page":"next_objetivos","url":"https://next.me/objetivos","seo":92,"performance":17,"accessibility":78},{"page":"next_investimentos","url":"https://next.me/investimentos","seo":0,"performance":0,"accessibility":0},{"page":"next_vaquinha","url":"https://next.me/vaquinha","seo":100,"performance":13,"accessibility":85},{"page":"next_protecao","url":"https://next.me/protecao","seo":0,"performance":0,"accessibility":0},{"page":"next_universitarios","url":"https://next.me/universitarios","seo":92,"performance":22,"accessibility":76},{"page":"next_trazer-meu-salario","url":"https://next.me/trazer-meu-salario","seo":92,"performance":16,"accessibility":78},{"page":"next_faq","url":"https://next.me/faq","seo":100,"performance":20,"accessibility":81},{"page":"next_contato","url":"https://next.me/contato","seo":100,"performance":24,"accessibility":80},{"page":"next_pr-kit","url":"https://next.me/pr-kit","seo":100,"performance":23,"accessibility":85},{"page":"next_politica-privacidade","url":"https://next.me/politica-privacidade","seo":100,"performance":23,"accessibility":83},{"page":"next_documentos-importantes","url":"https://next.me/documentos-importantes","seo":100,"performance":16,"accessibility":83},{"page":"next_cotacao-dolar","url":"https://next.me/cotacao-dolar","seo":0,"performance":0,"accessibility":0}]